id;uuid;name;mcc;category_id;enabled;icon_url;default_order_id;added_date;updated_date;regions;tags;process_id;source;action_type
1;back up Rue;Rubber efficient;Dire;virtual virtual;true;Cambridgeshire Granite protocol;29035;2021-03-22T17:30:12;2021-03-23T04:36:35;Salad magenta Industrial;solid state Orchestrator;Buckinghamshire 1080p bandwidth;relationships recontextualize Checking Account;BILLPAY
2;navigate;Credit Card Account Granite hard drive;Libe;CSS Fantastic Plastic Bike;false;Fully-configurable transmitting;32472;2021-03-23T00:53:21;2021-03-22T18:23:30;Specialist Bypass;e-services synthesize overriding;deposit Concrete overriding;directional;BILLPAY
3;system;deposit Panama Small;magn;SAS Stand-alone;true;open-source;55613;2021-03-22T11:48:37;2021-03-22T20:14:27;unleash;black communities e-enable;bus Unbranded hack;e-markets;BILLPAY
4;yellow Representative Cliffs;definition;Futu;overriding;false;Fresh Quality;83749;2021-03-22T20:43:41;2021-03-23T09:34:56;wireless Tasty bi-directional;National;haptic Programmable;Representative Curve;BILLPAY
5;Somali Shilling;Nebraska;EXEX;hacking Home Loan Account;false;Organized;61844;2021-03-23T00:24:29;2021-03-23T10:05:09;Kids Jewelery;Global Handcrafted Fresh Bacon;SQL overriding;Hollow Towels;BILLPAY
6;primary;invoice;Cust;Buckinghamshire;false;attitude Automotive bluetooth;96487;2021-03-23T07:03:25;2021-03-22T12:47:25;synthesize Wooden;PNG;Object-based monitor;Unbranded Granite Car SDR Kansas;BILLPAY
7;interface;Coordinator zero defect Kansas;comp;wireless Savings Account;true;Strategist;87958;2021-03-22T15:29:49;2021-03-23T04:18:38;Small Frozen Pants Bedfordshire;Multi-lateral metrics;Pennsylvania;reintermediate Gorgeous Soft;BILLPAY
8;Configurable;Fresh Handmade Automated;Lao ;Graphical User Interface Personal Loan Account Optimized;false;salmon analyzing Generic Concrete Soap;87996;2021-03-23T09:34:19;2021-03-22T19:20:48;Estonia;Crossroad;deposit Agent indexing;ubiquitous Belarussian Ruble Administrator;BILLPAY
9;Executive sky blue Rustic Soft Gloves;Manager Ramp;cust;Small Metal Shoes Intelligent Fresh Bacon;false;tan Philippines;15799;2021-03-22T21:00:28;2021-03-23T00:07:22;mint green Senegal Extension;index Avon;Auto Loan Account;Euro mint green;BILLPAY
10;Response Configurable;Accounts installation;Mand;payment Uzbekistan Sum;false;global Cambridgeshire Buckinghamshire;17405;2021-03-23T04:31:55;2021-03-23T00:15:20;Ergonomic Soft Salad Web;experiences;zero tolerance Optimization;Tasty enterprise ubiquitous;BILLPAY
