id;uuid;name;mcc;parent_category_id;enabled;icon_url;default_order_id;added_date;updated_date;regions;tags
1;Table;projection Versatile;Inte;bypassing SCSI applications;false;Checking Account Fresh;91642;2021-03-22T15:10:11;2021-03-22T15:00:19;Berkshire Chips Nevada;synthesize Steel
2;transmitting;Nevada;Regi;architectures red;false;Persevering Program;94420;2021-03-23T02:07:33;2021-03-22T21:44:22;web services;Realigned front-end
3;Czech Koruna;New Mexico North Carolina;Fres;Bedfordshire visionary;true;compress;30057;2021-03-23T08:55:37;2021-03-23T02:36:31;Future Specialist bypass;California
4;Thailand Product;Home Loan Account revolutionize Tonga;with;Open-source Avon invoice;true;Web SQL;5548;2021-03-22T22:49:23;2021-03-23T10:03:18;Intelligent Central bricks-and-clicks;driver Money Market Account Wooden
5;Computers National pixel;Lithuania;Qual;Tasty Avon empower;true;Sleek Egypt;68338;2021-03-22T13:59:12;2021-03-22T23:28:52;open architecture Garden impactful;Future circuit Arizona
6;Incredible Wooden Chicken;benchmark Pennsylvania auxiliary;Buck;Liaison Plaza frame;false;Texas Refined;14824;2021-03-22T18:23:44;2021-03-22T12:25:10;Consultant Human;protocol Barbados Dollar
7;Tactics;Intranet digital teal;Game;Personal Loan Account Metal circuit;false;asymmetric;71490;2021-03-23T01:23:11;2021-03-23T03:20:32;moratorium;Wooden Applications Unbranded Concrete Shoes
8;Berkshire Auto Loan Account Table;streamline Movies portals;comm;virtual;true;maximized Home Loan Account Ukraine;9194;2021-03-22T14:03:34;2021-03-23T08:24:43;Front-line;Malagasy Ariary
9;open-source Licensed Fish;Virginia;teal;hierarchy incubate;true;Incredible Frozen Shoes;56923;2021-03-22T12:31:39;2021-03-22T19:46:16;firewall Profound;Future
10;Architect;backing up Fantastic Frozen Towels Progressive;back;lime;false;indigo Handcrafted Soft Computer;68112;2021-03-23T01:54:16;2021-03-23T10:36:46;Accounts Investment Account;SMS Plaza
